,NAME,B19001_001E,B19001_002E,B19001_003E,B19001_004E,B19001_005E,B19001_006E,B19001_007E,B19001_008E,B19001_009E,B19001_010E,B19001_011E,B19001_012E,B19001_013E,B19001_014E,B19001_015E,B19001_016E,B19001_017E,state,county,tract
0,Census Tract 1.10; Franklin County; Ohio,1803,31,45,15,10,79,45,16,12,39,131,120,245,203,153,272,387,39,049,000110
1,Census Tract 1.20; Franklin County; Ohio,1698,49,13,31,69,18,11,91,25,64,43,82,229,175,88,301,409,39,049,000120
2,Census Tract 2.10; Franklin County; Ohio,1571,0,26,10,33,17,146,58,24,16,65,27,159,294,174,249,273,39,049,000210
3,Census Tract 2.20; Franklin County; Ohio,1918,25,0,19,76,0,10,154,34,18,54,146,174,249,254,248,457,39,049,000220
4,Census Tract 3.10; Franklin County; Ohio,1219,53,7,114,11,114,84,40,17,42,102,174,181,120,72,63,25,39,049,000310
5,Census Tract 3.20; Franklin County; Ohio,1347,55,9,49,71,91,55,69,39,261,156,94,285,52,29,21,11,39,049,000320
6,Census Tract 3.30; Franklin County; Ohio,1087,51,42,69,112,95,110,37,53,34,71,142,137,31,60,35,8,39,049,000330
7,Census Tract 4.10; Franklin County; Ohio,1183,0,20,36,29,14,55,45,66,31,51,189,211,138,83,105,110,39,049,000410
8,Census Tract 4.20; Franklin County; Ohio,1614,22,71,5,8,64,48,24,174,38,81,127,177,98,118,321,238,39,049,000420
9,Census Tract 5; Franklin County; Ohio,2129,122,58,100,21,34,36,172,53,29,62,232,377,164,234,294,141,39,049,000500
10,Census Tract 6; Franklin County; Ohio,1740,74,65,52,39,84,78,36,76,70,255,221,202,177,134,143,34,39,049,000600
11,Census Tract 7.10; Franklin County; Ohio,1383,113,78,107,41,100,41,118,31,254,101,93,177,82,31,8,8,39,049,000710
12,Census Tract 7.20; Franklin County; Ohio,1080,105,139,75,82,50,138,43,12,47,44,137,130,45,18,15,0,39,049,000720
13,Census Tract 7.30; Franklin County; Ohio,1339,175,248,156,39,49,166,28,77,102,100,74,110,0,15,0,0,39,049,000730
14,Census Tract 8.10; Franklin County; Ohio,1220,40,50,141,53,96,51,32,23,59,110,94,251,93,94,33,0,39,049,000810
15,Census Tract 8.20; Franklin County; Ohio,1614,63,113,92,76,63,49,32,166,54,193,109,295,103,118,43,45,39,049,000820
16,Census Tract 9.10; Franklin County; Ohio,1240,136,137,69,48,45,121,24,108,73,114,38,193,61,37,36,0,39,049,000910
17,Census Tract 9.20; Franklin County; Ohio,703,65,152,83,39,42,42,30,42,58,16,12,41,29,0,48,4,39,049,000920
18,Census Tract 10; Franklin County; Ohio,2089,352,122,190,128,100,71,71,0,0,264,129,385,92,110,34,41,39,049,001000
19,Census Tract 11.10; Franklin County; Ohio,1056,342,35,64,90,121,44,61,42,31,48,75,60,6,6,31,0,39,049,001110
20,Census Tract 11.21; Franklin County; Ohio,50,3,4,3,5,5,20,0,0,0,0,0,0,0,0,10,0,39,049,001121
21,Census Tract 11.22; Franklin County; Ohio,521,106,18,22,28,47,23,9,44,7,12,115,14,24,29,14,9,39,049,001122
22,Census Tract 12; Franklin County; Ohio,1208,207,61,77,60,138,76,49,66,57,144,39,124,30,43,18,19,39,049,001200
23,Census Tract 13.01; Franklin County; Ohio,1077,103,34,135,62,82,10,16,75,101,49,66,169,21,82,65,7,39,049,001301
24,Census Tract 13.02; Franklin County; Ohio,581,181,70,30,33,22,74,81,32,5,16,11,0,13,0,0,13,39,049,001302
25,Census Tract 14; Franklin County; Ohio,528,102,43,56,42,49,45,25,19,48,43,10,0,0,29,0,17,39,049,001400
26,Census Tract 15; Franklin County; Ohio,738,147,68,27,11,35,55,59,17,54,90,117,43,0,15,0,0,39,049,001500
27,Census Tract 16; Franklin County; Ohio,1203,193,70,28,7,54,79,130,40,45,60,125,93,82,101,50,46,39,049,001600
28,Census Tract 17; Franklin County; Ohio,1667,380,178,37,83,33,58,148,56,17,114,141,97,109,97,72,47,39,049,001700
29,Census Tract 18.10; Franklin County; Ohio,1750,435,197,77,352,164,121,45,50,8,61,48,83,24,25,27,33,39,049,001810
30,Census Tract 18.20; Franklin County; Ohio,1264,53,15,75,7,59,56,29,121,103,106,108,94,60,53,151,174,39,049,001820
31,Census Tract 19.01; Franklin County; Ohio,2144,279,94,42,42,42,109,59,83,33,209,287,247,278,51,96,193,39,049,001901
32,Census Tract 19.02; Franklin County; Ohio,2850,144,29,83,175,86,214,104,77,263,317,274,344,277,95,238,130,39,049,001902
33,Census Tract 20; Franklin County; Ohio,1666,62,46,9,10,11,21,28,0,71,96,108,234,184,110,270,406,39,049,002000
34,Census Tract 21; Franklin County; Ohio,1465,51,14,0,75,24,72,70,72,41,63,118,156,112,233,49,315,39,049,002100
35,Census Tract 22; Franklin County; Ohio,2260,20,11,107,63,30,20,16,36,53,87,381,404,276,297,285,174,39,049,002200
36,Census Tract 23; Franklin County; Ohio,654,42,48,39,7,16,60,111,65,20,37,73,52,37,19,28,0,39,049,002300
37,Census Tract 25.10; Franklin County; Ohio,1174,79,79,76,108,83,147,112,62,89,27,92,169,21,0,30,0,39,049,002510
38,Census Tract 25.20; Franklin County; Ohio,1485,88,68,176,43,32,49,62,34,91,100,224,220,86,52,77,83,39,049,002520
39,Census Tract 26; Franklin County; Ohio,1681,173,263,111,152,53,83,126,27,144,106,147,122,90,46,38,0,39,049,002600
40,Census Tract 27.10; Franklin County; Ohio,1233,58,110,124,105,82,101,96,93,24,141,124,101,42,32,0,0,39,049,002710
41,Census Tract 27.30; Franklin County; Ohio,1062,90,319,28,86,35,0,110,99,20,111,64,72,28,0,0,0,39,049,002730
42,Census Tract 27.40; Franklin County; Ohio,1081,9,46,9,34,28,30,41,43,0,34,49,167,128,217,106,140,39,049,002740
43,Census Tract 27.50; Franklin County; Ohio,1007,159,108,167,25,103,35,40,62,49,89,47,78,29,5,11,0,39,049,002750
44,Census Tract 27.60; Franklin County; Ohio,1655,123,11,143,35,81,113,79,69,200,185,141,165,97,42,134,37,39,049,002760
45,Census Tract 27.70; Franklin County; Ohio,949,63,145,21,43,142,110,20,6,16,67,41,188,15,61,11,0,39,049,002770
46,Census Tract 27.80; Franklin County; Ohio,1242,89,43,44,24,56,30,58,66,36,118,86,121,215,81,75,100,39,049,002780
47,Census Tract 28; Franklin County; Ohio,1070,91,222,62,23,0,51,55,35,70,21,116,149,122,32,21,0,39,049,002800
48,Census Tract 29; Franklin County; Ohio,1116,169,197,92,125,58,60,91,42,21,154,52,19,20,10,6,0,39,049,002900
49,Census Tract 30; Franklin County; Ohio,2115,142,256,79,93,0,13,11,79,46,123,234,312,121,164,157,285,39,049,003000
50,Census Tract 32; Franklin County; Ohio,1772,52,20,35,0,0,53,95,24,32,138,244,263,268,216,191,141,39,049,003200
51,Census Tract 36; Franklin County; Ohio,1085,69,193,102,19,48,4,16,30,84,94,25,103,52,54,112,80,39,049,003600
52,Census Tract 37; Franklin County; Ohio,1473,107,83,121,27,54,52,52,55,14,47,92,213,119,110,156,171,39,049,003700
53,Census Tract 38; Franklin County; Ohio,1243,27,71,41,85,73,8,48,91,16,63,147,135,85,15,145,193,39,049,003800
54,Census Tract 40.01; Franklin County; Ohio,1009,97,108,8,143,65,133,16,114,22,99,53,42,39,9,16,45,39,049,004001
55,Census Tract 40.02; Franklin County; Ohio,2045,124,269,96,27,71,12,0,0,132,95,218,370,102,50,322,157,39,049,004002
56,Census Tract 42; Franklin County; Ohio,413,70,21,62,16,10,8,0,0,19,15,29,76,9,30,32,16,39,049,004200
57,Census Tract 43.01; Franklin County; Ohio,1777,50,45,0,73,11,22,52,57,85,111,167,416,168,191,122,207,39,049,004301
58,Census Tract 43.02; Franklin County; Ohio,596,45,68,22,99,68,62,30,0,16,6,23,44,44,50,12,7,39,049,004302
59,Census Tract 45; Franklin County; Ohio,2096,162,252,103,111,64,114,85,105,83,263,286,122,144,51,118,33,39,049,004500
60,Census Tract 46.10; Franklin County; Ohio,1751,40,227,76,83,24,47,35,22,49,69,125,236,239,273,152,54,39,049,004610
61,Census Tract 46.20; Franklin County; Ohio,857,94,57,39,70,43,12,55,53,7,68,65,176,38,19,61,0,39,049,004620
62,Census Tract 47; Franklin County; Ohio,1788,230,55,132,104,125,101,65,69,134,65,207,247,94,90,44,26,39,049,004700
63,Census Tract 48.10; Franklin County; Ohio,1268,45,34,12,35,126,23,61,127,75,86,157,113,142,48,27,157,39,049,004810
64,Census Tract 48.20; Franklin County; Ohio,959,6,95,70,14,117,75,18,99,45,40,178,114,83,5,0,0,39,049,004820
65,Census Tract 49; Franklin County; Ohio,1987,403,86,98,136,39,211,14,88,133,185,196,153,170,27,0,48,39,049,004900
66,Census Tract 50.01; Franklin County; Ohio,599,44,82,16,16,14,24,128,0,11,111,21,42,27,24,39,0,39,049,005001
67,Census Tract 50.02; Franklin County; Ohio,1506,119,463,136,77,78,85,0,37,0,122,170,38,0,58,53,70,39,049,005002
68,Census Tract 51; Franklin County; Ohio,792,187,186,64,72,4,59,51,8,0,1,43,83,4,0,16,14,39,049,005100
69,Census Tract 52; Franklin County; Ohio,1982,71,15,15,7,27,24,101,26,19,193,92,364,181,212,220,415,39,049,005200
70,Census Tract 53; Franklin County; Ohio,1144,130,40,51,19,59,59,45,83,108,122,121,104,24,31,112,36,39,049,005300
71,Census Tract 54.10; Franklin County; Ohio,664,31,84,52,42,145,16,28,27,45,83,42,18,22,6,16,7,39,049,005410
72,Census Tract 54.20; Franklin County; Ohio,782,11,104,41,27,77,24,42,70,25,31,92,91,66,19,36,26,39,049,005420
73,Census Tract 55; Franklin County; Ohio,1982,158,153,214,187,148,105,80,17,84,153,255,52,143,25,147,61,39,049,005500
74,Census Tract 56.10; Franklin County; Ohio,784,44,25,37,61,9,45,35,45,42,51,123,38,146,32,25,26,39,049,005610
75,Census Tract 56.20; Franklin County; Ohio,1103,122,65,53,56,35,69,124,59,19,97,121,108,77,13,35,50,39,049,005620
76,Census Tract 57; Franklin County; Ohio,2286,29,17,57,78,11,44,0,40,19,138,253,363,245,294,346,352,39,049,005700
77,Census Tract 58.10; Franklin County; Ohio,1560,24,35,16,49,73,57,0,63,25,43,179,161,384,123,211,117,39,049,005810
78,Census Tract 58.20; Franklin County; Ohio,1181,47,102,28,72,53,10,41,20,24,58,112,156,98,103,170,87,39,049,005820
79,Census Tract 59; Franklin County; Ohio,953,83,61,13,88,105,30,45,57,62,83,71,129,86,0,32,8,39,049,005900
80,Census Tract 60; Franklin County; Ohio,781,52,21,42,92,11,15,88,76,58,59,33,105,95,27,7,0,39,049,006000
81,Census Tract 61; Franklin County; Ohio,1077,67,159,106,50,26,15,24,85,22,52,169,56,90,139,0,17,39,049,006100
82,Census Tract 62.36; Franklin County; Ohio,1994,25,0,0,0,11,50,0,0,36,28,133,89,102,195,386,939,39,049,006236
83,Census Tract 62.37; Franklin County; Ohio,3280,36,79,39,18,38,18,57,193,164,213,413,420,368,291,290,643,39,049,006237
84,Census Tract 62.38; Franklin County; Ohio,767,6,0,0,12,7,21,16,22,0,27,119,124,53,30,84,246,39,049,006238
85,Census Tract 62.39; Franklin County; Ohio,2819,11,150,0,28,7,94,13,18,41,122,99,835,668,515,81,137,39,049,006239
86,Census Tract 62.40; Franklin County; Ohio,2544,0,0,25,152,159,50,142,32,97,247,268,416,217,272,131,336,39,049,006240
87,Census Tract 62.41; Franklin County; Ohio,3409,66,178,35,179,31,67,163,177,50,87,429,245,331,352,498,521,39,049,006241
88,Census Tract 63.01; Franklin County; Ohio,1174,0,17,29,23,98,19,18,64,54,63,121,191,203,155,70,49,39,049,006301
89,Census Tract 63.02; Franklin County; Ohio,1987,32,0,89,72,81,40,34,135,114,226,147,204,207,108,345,153,39,049,006302
90,Census Tract 63.10; Franklin County; Ohio,1568,20,0,8,9,19,0,67,26,33,36,87,100,93,123,244,703,39,049,006310
91,Census Tract 63.21; Franklin County; Ohio,1561,20,0,0,7,20,21,15,43,14,67,154,112,131,93,222,642,39,049,006321
92,Census Tract 63.23; Franklin County; Ohio,1577,40,34,10,46,12,30,49,17,34,92,83,197,119,163,221,430,39,049,006323
93,Census Tract 63.30; Franklin County; Ohio,2086,34,10,27,17,0,14,32,71,99,80,146,203,321,142,429,461,39,049,006330
94,Census Tract 63.40; Franklin County; Ohio,1558,16,0,108,9,19,11,19,124,37,226,62,127,55,87,161,497,39,049,006340
95,Census Tract 63.51; Franklin County; Ohio,2025,85,16,48,6,92,47,337,37,80,163,122,315,192,137,196,152,39,049,006351
96,Census Tract 63.52; Franklin County; Ohio,1949,68,15,62,65,191,41,25,130,214,110,230,359,185,153,101,0,39,049,006352
97,Census Tract 63.53; Franklin County; Ohio,2859,82,137,86,84,48,68,309,374,159,382,252,236,240,229,129,44,39,049,006353
98,Census Tract 63.72; Franklin County; Ohio,2960,60,167,39,144,144,138,190,101,183,268,172,405,201,213,407,128,39,049,006372
99,Census Tract 63.84; Franklin County; Ohio,2394,0,10,44,55,128,115,122,92,31,74,232,265,467,125,389,245,39,049,006384
100,Census Tract 63.86; Franklin County; Ohio,2748,203,61,159,40,80,116,14,53,32,268,406,427,200,211,270,208,39,049,006386
101,Census Tract 63.87; Franklin County; Ohio,2763,91,92,29,55,91,139,82,60,187,189,222,261,438,166,361,300,39,049,006387
102,Census Tract 63.91; Franklin County; Ohio,1839,0,7,0,15,7,6,8,20,15,17,80,126,142,147,365,884,39,049,006391
103,Census Tract 63.92; Franklin County; Ohio,1617,46,9,10,9,9,7,20,19,0,57,73,196,135,68,325,634,39,049,006392
104,Census Tract 63.93; Franklin County; Ohio,2062,0,11,69,56,6,33,15,32,36,78,263,232,203,369,323,336,39,049,006393
105,Census Tract 63.94; Franklin County; Ohio,1241,0,12,13,22,12,16,35,0,224,59,95,180,233,93,188,59,39,049,006394
106,Census Tract 63.95; Franklin County; Ohio,2134,64,13,138,117,33,82,65,65,32,107,507,299,312,82,151,67,39,049,006395
107,Census Tract 63.96; Franklin County; Ohio,2572,189,114,65,16,174,82,57,172,134,107,105,396,211,256,246,248,39,049,006396
108,Census Tract 63.97; Franklin County; Ohio,2719,82,13,30,62,182,331,177,55,93,161,475,357,373,61,214,53,39,049,006397
109,Census Tract 63.98; Franklin County; Ohio,1267,20,37,18,0,0,0,0,17,0,0,105,28,174,56,203,609,39,049,006398
110,Census Tract 64.10; Franklin County; Ohio,1214,15,0,46,0,33,10,23,0,25,44,119,117,139,113,97,433,39,049,006410
111,Census Tract 64.30; Franklin County; Ohio,1931,11,38,41,32,24,40,118,19,9,210,122,195,157,162,201,552,39,049,006430
112,Census Tract 65; Franklin County; Ohio,1313,18,0,1,0,9,11,15,0,0,41,120,118,157,71,110,642,39,049,006500
113,Census Tract 66; Franklin County; Ohio,1550,24,0,0,9,0,7,10,9,47,114,67,57,181,101,149,775,39,049,006600
114,Census Tract 67.10; Franklin County; Ohio,1291,58,22,62,27,12,39,11,45,82,15,101,187,113,118,119,280,39,049,006710
115,Census Tract 67.21; Franklin County; Ohio,1568,6,0,15,7,22,72,19,8,12,36,32,135,260,234,199,511,39,049,006721
116,Census Tract 67.22; Franklin County; Ohio,1140,45,14,34,32,0,28,67,53,68,56,96,211,121,96,129,90,39,049,006722
117,Census Tract 68.10; Franklin County; Ohio,1032,0,12,19,4,12,6,10,24,22,67,44,238,114,78,125,257,39,049,006810
118,Census Tract 68.21; Franklin County; Ohio,1948,113,98,180,116,85,228,129,99,120,86,153,267,95,45,84,50,39,049,006821
119,Census Tract 68.22; Franklin County; Ohio,987,14,0,20,7,40,15,18,33,27,66,177,166,95,139,114,56,39,049,006822
120,Census Tract 69.10; Franklin County; Ohio,624,6,0,2,7,0,12,21,7,3,13,46,48,48,44,104,263,39,049,006910
121,Census Tract 69.21; Franklin County; Ohio,1606,124,136,93,46,79,118,55,43,16,174,257,206,143,53,49,14,39,049,006921
122,Census Tract 69.23; Franklin County; Ohio,1568,21,37,26,11,83,17,76,60,55,78,109,227,442,135,29,162,39,049,006923
123,Census Tract 69.24; Franklin County; Ohio,1720,10,9,17,76,151,78,92,165,87,378,114,235,75,85,121,27,39,049,006924
124,Census Tract 69.31; Franklin County; Ohio,2641,167,58,148,183,104,85,156,45,305,165,344,582,109,126,64,0,39,049,006931
125,Census Tract 69.32; Franklin County; Ohio,2592,373,58,282,18,147,100,89,71,161,182,205,398,148,156,106,98,39,049,006932
126,Census Tract 69.33; Franklin County; Ohio,2331,154,250,160,253,130,122,112,184,249,170,227,140,101,29,21,29,39,049,006933
127,Census Tract 69.43; Franklin County; Ohio,2049,241,162,48,128,144,101,112,76,70,120,236,249,167,91,38,66,39,049,006943
128,Census Tract 69.44; Franklin County; Ohio,1918,89,14,39,24,75,139,48,64,54,269,159,321,228,173,135,87,39,049,006944
129,Census Tract 69.45; Franklin County; Ohio,2402,111,128,280,119,224,54,99,238,81,246,383,218,182,19,20,0,39,049,006945
130,Census Tract 69.50; Franklin County; Ohio,1296,0,29,18,18,23,12,62,0,38,95,129,178,137,97,139,321,39,049,006950
131,Census Tract 69.91; Franklin County; Ohio,1731,19,16,9,0,48,21,9,12,8,119,81,251,217,117,409,395,39,049,006991
132,Census Tract 69.92; Franklin County; Ohio,2011,25,117,206,0,78,0,83,313,167,373,219,113,137,125,54,1,39,049,006992
133,Census Tract 70.10; Franklin County; Ohio,1151,7,24,0,0,25,0,88,24,0,70,165,324,110,89,92,133,39,049,007010
134,Census Tract 70.20; Franklin County; Ohio,2739,85,64,0,114,27,45,23,43,56,213,475,486,323,216,369,200,39,049,007020
135,Census Tract 70.41; Franklin County; Ohio,993,11,22,9,0,5,13,5,18,58,98,150,284,63,67,72,118,39,049,007041
136,Census Tract 70.43; Franklin County; Ohio,2759,77,50,174,180,54,134,241,46,46,368,326,255,429,139,161,79,39,049,007043
137,Census Tract 70.44; Franklin County; Ohio,2928,98,87,28,34,47,68,120,106,65,291,261,502,411,142,469,199,39,049,007044
138,Census Tract 70.47; Franklin County; Ohio,1849,68,57,24,80,10,36,112,94,51,154,116,279,275,190,183,120,39,049,007047
139,Census Tract 70.48; Franklin County; Ohio,2301,0,59,23,61,45,27,97,40,45,92,250,391,381,230,245,315,39,049,007048
140,Census Tract 71.01; Franklin County; Ohio,1150,0,22,26,60,89,71,0,70,58,100,164,76,155,100,81,78,39,049,007101
141,Census Tract 71.02; Franklin County; Ohio,1321,54,38,46,17,8,67,0,0,12,13,80,244,181,79,218,264,39,049,007102
142,Census Tract 71.03; Franklin County; Ohio,1668,43,141,20,0,0,32,0,89,21,67,181,294,236,303,161,80,39,049,007103
143,Census Tract 71.12; Franklin County; Ohio,2537,37,61,61,87,156,32,262,19,18,60,321,252,430,268,358,115,39,049,007112
144,Census Tract 71.13; Franklin County; Ohio,1888,7,16,16,12,66,131,178,50,136,122,228,359,209,109,225,24,39,049,007113
145,Census Tract 71.14; Franklin County; Ohio,2253,142,125,114,35,39,102,131,105,90,296,307,301,267,60,40,99,39,049,007114
146,Census Tract 71.15; Franklin County; Ohio,2396,125,95,29,102,109,210,20,158,37,259,293,430,270,124,135,0,39,049,007115
147,Census Tract 71.20; Franklin County; Ohio,1824,10,6,23,16,24,59,5,23,44,181,187,418,331,228,144,125,39,049,007120
148,Census Tract 71.93; Franklin County; Ohio,2352,102,61,48,0,24,13,50,65,22,64,84,247,373,276,521,402,39,049,007193
149,Census Tract 71.98; Franklin County; Ohio,1172,10,13,39,0,0,15,97,33,30,118,102,174,133,142,137,129,39,049,007198
150,Census Tract 71.99; Franklin County; Ohio,2975,58,20,0,0,179,106,0,32,99,602,547,630,225,325,106,46,39,049,007199
151,Census Tract 72.02; Franklin County; Ohio,1588,11,107,64,26,77,92,110,77,33,126,263,172,102,103,129,96,39,049,007202
152,Census Tract 72.05; Franklin County; Ohio,3659,25,12,15,46,28,43,46,99,66,267,477,507,679,435,386,528,39,049,007205
153,Census Tract 72.09; Franklin County; Ohio,4312,37,41,54,180,76,98,96,82,205,213,477,856,371,464,324,738,39,049,007209
154,Census Tract 72.11; Franklin County; Ohio,1368,27,6,0,26,16,14,0,0,0,0,78,46,53,74,156,872,39,049,007211
155,Census Tract 72.12; Franklin County; Ohio,1839,0,0,11,24,27,60,54,37,30,14,194,116,124,126,264,758,39,049,007212
156,Census Tract 72.13; Franklin County; Ohio,1905,39,33,28,0,22,12,0,8,22,45,83,157,166,181,233,876,39,049,007213
157,Census Tract 72.14; Franklin County; Ohio,2108,38,39,91,0,8,75,188,201,199,103,256,229,240,107,190,144,39,049,007214
158,Census Tract 72.15; Franklin County; Ohio,2926,22,12,18,20,0,0,18,127,134,379,377,456,484,267,327,285,39,049,007215
159,Census Tract 73.01; Franklin County; Ohio,2136,53,38,0,89,75,33,31,231,77,10,205,252,413,491,84,54,39,049,007301
160,Census Tract 73.02; Franklin County; Ohio,2061,41,26,0,15,12,48,48,286,47,195,316,326,347,169,155,30,39,049,007302
161,Census Tract 73.03; Franklin County; Ohio,2575,61,138,32,0,110,166,347,18,0,43,184,154,250,227,204,641,39,049,007303
162,Census Tract 73.05; Franklin County; Ohio,2391,140,45,22,17,73,46,50,153,29,186,246,218,173,333,276,384,39,049,007305
163,Census Tract 73.06; Franklin County; Ohio,1568,8,0,0,0,8,0,0,0,46,31,69,195,154,157,243,657,39,049,007306
164,Census Tract 73.94; Franklin County; Ohio,1316,13,0,11,12,42,26,11,12,23,19,91,93,54,73,174,662,39,049,007394
165,Census Tract 73.97; Franklin County; Ohio,1406,39,0,36,0,0,4,120,73,112,26,253,232,130,127,86,168,39,049,007397
166,Census Tract 73.98; Franklin County; Ohio,2746,10,0,0,10,96,33,29,122,45,183,287,374,386,685,329,157,39,049,007398
167,Census Tract 74.24; Franklin County; Ohio,2294,81,0,124,87,15,17,35,139,53,256,223,341,455,264,159,45,39,049,007424
168,Census Tract 74.25; Franklin County; Ohio,1155,34,30,11,36,39,51,37,42,113,24,74,151,123,170,144,76,39,049,007425
169,Census Tract 74.26; Franklin County; Ohio,1579,42,11,44,37,23,47,51,36,85,58,130,226,313,135,143,198,39,049,007426
170,Census Tract 74.27; Franklin County; Ohio,2397,50,32,45,29,86,19,116,42,190,207,151,276,356,210,336,252,39,049,007427
171,Census Tract 74.92; Franklin County; Ohio,2481,42,0,87,42,31,13,134,11,46,143,295,139,372,349,287,490,39,049,007492
172,Census Tract 74.94; Franklin County; Ohio,1533,93,10,18,51,47,27,71,0,9,77,102,168,312,148,205,195,39,049,007494
173,Census Tract 75.11; Franklin County; Ohio,794,89,107,77,38,94,23,101,21,4,0,54,135,16,35,0,0,39,049,007511
174,Census Tract 75.12; Franklin County; Ohio,1734,171,158,53,50,136,76,47,110,104,315,161,231,71,35,0,16,39,049,007512
175,Census Tract 75.20; Franklin County; Ohio,1226,250,81,34,58,130,151,89,136,90,23,21,80,83,0,0,0,39,049,007520
176,Census Tract 75.31; Franklin County; Ohio,1236,42,23,52,202,158,95,67,33,53,185,90,112,81,6,15,22,39,049,007531
177,Census Tract 75.32; Franklin County; Ohio,1190,48,39,81,159,102,160,19,60,81,147,56,160,59,9,10,0,39,049,007532
178,Census Tract 75.33; Franklin County; Ohio,712,53,85,36,87,0,73,36,43,33,53,57,53,17,69,17,0,39,049,007533
179,Census Tract 75.34; Franklin County; Ohio,1401,151,173,45,49,243,70,51,48,73,89,115,163,36,76,19,0,39,049,007534
180,Census Tract 75.50; Franklin County; Ohio,988,60,36,8,40,17,8,83,31,52,135,108,169,172,48,8,13,39,049,007550
181,Census Tract 75.52; Franklin County; Ohio,1274,53,42,150,34,136,3,94,36,9,121,166,121,174,47,88,0,39,049,007552
182,Census Tract 75.53; Franklin County; Ohio,2332,198,148,91,25,72,125,248,74,76,263,196,122,227,132,190,145,39,049,007553
183,Census Tract 77.10; Franklin County; Ohio,1704,70,76,122,132,103,212,74,131,133,250,32,207,101,0,61,0,39,049,007710
184,Census Tract 77.21; Franklin County; Ohio,2070,274,122,95,144,80,95,279,58,123,143,78,325,1,137,98,18,39,049,007721
185,Census Tract 77.22; Franklin County; Ohio,1618,32,100,63,47,194,229,107,31,43,106,169,250,129,86,8,24,39,049,007722
186,Census Tract 77.30; Franklin County; Ohio,1353,149,0,22,77,48,29,75,48,23,169,111,207,117,162,43,73,39,049,007730
187,Census Tract 77.40; Franklin County; Ohio,868,25,16,81,60,35,76,9,67,26,52,70,132,89,26,69,35,39,049,007740
188,Census Tract 78.11; Franklin County; Ohio,1948,180,27,24,66,42,178,37,132,63,89,153,195,231,143,220,168,39,049,007811
189,Census Tract 78.12; Franklin County; Ohio,2042,206,29,36,111,20,41,83,115,13,81,149,421,301,120,157,159,39,049,007812
190,Census Tract 78.20; Franklin County; Ohio,1773,294,39,40,77,246,76,58,187,100,87,299,56,109,11,0,94,39,049,007820
191,Census Tract 78.30; Franklin County; Ohio,1968,200,138,76,174,124,47,90,68,121,151,469,42,58,71,120,19,39,049,007830
192,Census Tract 79.22; Franklin County; Ohio,2793,14,53,48,57,10,17,40,59,137,189,228,416,394,369,359,403,39,049,007922
193,Census Tract 79.31; Franklin County; Ohio,1690,11,22,0,50,64,21,54,72,64,70,111,159,233,177,410,172,39,049,007931
194,Census Tract 79.41; Franklin County; Ohio,1311,73,0,19,36,57,2,11,41,11,34,140,207,215,147,157,161,39,049,007941
195,Census Tract 79.55; Franklin County; Ohio,1162,11,20,92,0,0,52,34,25,43,73,50,179,286,115,93,89,39,049,007955
196,Census Tract 79.56; Franklin County; Ohio,1776,119,28,91,35,12,0,17,15,46,81,217,346,221,197,220,131,39,049,007956
197,Census Tract 79.57; Franklin County; Ohio,2617,134,21,0,77,57,20,32,143,283,211,178,337,434,155,284,251,39,049,007957
198,Census Tract 79.58; Franklin County; Ohio,1322,0,11,11,10,41,13,18,72,0,54,53,168,100,167,215,389,39,049,007958
199,Census Tract 79.59; Franklin County; Ohio,905,0,0,54,0,0,44,45,90,0,29,43,283,149,79,38,51,39,049,007959
200,Census Tract 79.60; Franklin County; Ohio,1805,33,0,13,41,90,31,25,107,21,140,92,386,295,174,231,126,39,049,007960
201,Census Tract 79.61; Franklin County; Ohio,1545,12,13,0,8,32,0,16,59,61,30,130,137,150,212,198,487,39,049,007961
202,Census Tract 79.62; Franklin County; Ohio,2300,32,168,78,94,0,46,172,36,39,220,158,282,367,161,162,285,39,049,007962
203,Census Tract 79.63; Franklin County; Ohio,1576,275,0,0,42,78,12,57,44,0,22,67,169,183,131,138,358,39,049,007963
204,Census Tract 79.64; Franklin County; Ohio,2799,43,28,21,0,0,24,55,138,117,218,487,338,368,298,405,259,39,049,007964
205,Census Tract 79.65; Franklin County; Ohio,1671,50,12,97,82,30,151,118,29,38,126,217,227,142,120,79,153,39,049,007965
206,Census Tract 79.66; Franklin County; Ohio,2057,188,0,129,67,195,26,86,24,42,127,189,268,199,186,101,230,39,049,007966
207,Census Tract 80.01; Franklin County; Ohio,1186,0,5,21,0,0,9,0,27,26,48,144,133,53,69,212,439,39,049,008001
208,Census Tract 80.02; Franklin County; Ohio,1350,30,0,19,73,42,0,250,35,48,20,96,115,146,147,141,188,39,049,008002
209,Census Tract 81.10; Franklin County; Ohio,1900,31,99,87,70,71,130,61,100,76,166,290,242,152,61,214,50,39,049,008110
210,Census Tract 81.20; Franklin County; Ohio,1652,39,31,30,112,235,120,95,77,107,145,179,201,151,76,35,19,39,049,008120
211,Census Tract 81.32; Franklin County; Ohio,2971,44,51,28,285,20,136,123,21,85,370,309,494,302,487,172,44,39,049,008132
212,Census Tract 81.63; Franklin County; Ohio,1599,25,162,135,73,53,57,114,84,84,231,224,127,42,119,11,58,39,049,008163
213,Census Tract 81.64; Franklin County; Ohio,1782,38,11,13,134,42,94,72,228,51,171,110,320,123,201,152,22,39,049,008164
214,Census Tract 81.65; Franklin County; Ohio,897,0,0,35,0,0,18,0,97,59,110,202,201,31,47,42,55,39,049,008165
215,Census Tract 81.66; Franklin County; Ohio,1939,27,26,12,55,15,68,95,18,33,171,39,199,269,170,252,490,39,049,008166
216,Census Tract 81.67; Franklin County; Ohio,1312,73,33,0,135,18,0,193,53,3,159,149,153,193,68,59,23,39,049,008167
217,Census Tract 81.68; Franklin County; Ohio,1431,67,55,146,20,24,76,33,13,20,70,255,240,178,82,128,24,39,049,008168
218,Census Tract 81.69; Franklin County; Ohio,1969,113,61,125,77,158,15,113,100,61,309,228,192,158,192,67,0,39,049,008169
219,Census Tract 81.70; Franklin County; Ohio,1834,0,0,59,117,80,37,41,0,34,233,198,320,283,180,211,41,39,049,008170
220,Census Tract 81.71; Franklin County; Ohio,1740,101,115,0,98,21,56,55,60,172,329,217,163,125,101,75,52,39,049,008171
221,Census Tract 81.72; Franklin County; Ohio,2492,147,13,101,27,20,111,85,22,25,54,199,632,300,314,276,166,39,049,008172
222,Census Tract 82.10; Franklin County; Ohio,998,84,78,41,52,90,63,43,65,69,126,154,51,26,46,3,7,39,049,008210
223,Census Tract 82.30; Franklin County; Ohio,687,134,48,19,7,35,75,47,35,21,56,91,17,53,14,16,19,39,049,008230
224,Census Tract 82.41; Franklin County; Ohio,1178,150,107,19,38,58,40,102,62,54,135,132,143,35,40,49,14,39,049,008241
225,Census Tract 82.42; Franklin County; Ohio,2834,29,79,116,104,17,161,281,181,53,197,150,385,561,188,157,175,39,049,008242
226,Census Tract 83.11; Franklin County; Ohio,1652,207,116,102,116,85,62,137,75,37,174,151,227,62,44,46,11,39,049,008311
227,Census Tract 83.12; Franklin County; Ohio,1783,432,117,61,79,111,113,49,68,130,90,108,259,117,4,33,12,39,049,008312
228,Census Tract 83.21; Franklin County; Ohio,1179,92,106,28,45,30,22,34,160,57,108,101,209,47,67,61,12,39,049,008321
229,Census Tract 83.22; Franklin County; Ohio,2056,86,101,11,71,46,74,181,255,161,167,360,177,206,75,61,24,39,049,008322
230,Census Tract 83.30; Franklin County; Ohio,636,30,50,57,52,11,9,63,13,59,83,70,26,36,37,30,10,39,049,008330
231,Census Tract 83.40; Franklin County; Ohio,1739,130,40,121,72,87,34,19,68,16,24,192,223,231,265,95,122,39,049,008340
232,Census Tract 83.50; Franklin County; Ohio,2943,233,216,300,57,0,0,107,143,50,335,320,440,521,90,43,88,39,049,008350
233,Census Tract 83.60; Franklin County; Ohio,2460,37,15,70,19,177,100,34,155,142,205,246,397,355,201,164,143,39,049,008360
234,Census Tract 83.80; Franklin County; Ohio,1541,18,25,0,72,0,55,99,72,43,203,129,192,394,63,165,11,39,049,008380
235,Census Tract 83.81; Franklin County; Ohio,1708,33,32,62,22,31,242,65,172,22,96,290,199,243,92,107,0,39,049,008381
236,Census Tract 83.82; Franklin County; Ohio,1344,13,0,0,0,60,18,42,43,110,0,280,249,107,80,218,124,39,049,008382
237,Census Tract 84; Franklin County; Ohio,1808,8,0,76,40,70,45,24,33,107,76,293,110,116,81,160,569,39,049,008400
238,Census Tract 85; Franklin County; Ohio,2539,80,23,0,18,142,28,81,60,0,139,347,371,269,164,292,525,39,049,008500
239,Census Tract 87.10; Franklin County; Ohio,1106,58,80,131,0,102,105,75,47,64,157,70,91,59,54,13,0,39,049,008710
240,Census Tract 87.20; Franklin County; Ohio,1700,90,147,67,24,95,89,267,203,59,154,244,100,72,43,46,0,39,049,008720
241,Census Tract 87.30; Franklin County; Ohio,721,103,104,50,69,11,59,50,33,42,46,75,36,0,43,0,0,39,049,008730
242,Census Tract 88.11; Franklin County; Ohio,700,54,19,45,27,116,33,45,22,35,46,37,35,125,61,0,0,39,049,008811
243,Census Tract 88.12; Franklin County; Ohio,1377,40,119,21,0,75,89,49,68,63,117,121,398,74,84,53,6,39,049,008812
244,Census Tract 88.13; Franklin County; Ohio,903,47,69,25,22,34,55,36,73,37,121,113,121,115,20,15,0,39,049,008813
245,Census Tract 88.21; Franklin County; Ohio,1028,24,149,46,74,70,20,12,102,45,117,90,80,84,41,45,29,39,049,008821
246,Census Tract 88.22; Franklin County; Ohio,1836,128,423,225,26,92,79,53,16,26,35,46,416,147,18,45,61,39,049,008822
247,Census Tract 88.25; Franklin County; Ohio,2318,13,88,67,17,37,24,100,106,125,319,381,499,366,112,15,49,39,049,008825
248,Census Tract 89; Franklin County; Ohio,1720,68,54,36,48,61,38,50,21,24,148,117,226,157,85,245,342,39,049,008900
249,Census Tract 90; Franklin County; Ohio,1264,31,7,12,17,0,9,8,30,23,115,54,124,89,151,61,533,39,049,009000
250,Census Tract 91; Franklin County; Ohio,1766,14,8,9,0,89,7,0,79,20,78,113,111,144,81,291,722,39,049,009100
251,Census Tract 92.20; Franklin County; Ohio,975,49,107,133,26,28,50,38,47,49,73,58,134,80,55,28,20,39,049,009220
252,Census Tract 92.30; Franklin County; Ohio,2036,129,149,59,146,307,139,58,33,225,110,199,315,96,37,11,23,39,049,009230
253,Census Tract 92.40; Franklin County; Ohio,858,12,21,31,40,27,28,26,84,20,150,91,152,53,90,8,25,39,049,009240
254,Census Tract 92.50; Franklin County; Ohio,816,30,49,21,26,31,22,111,43,22,54,140,164,79,14,10,0,39,049,009250
255,Census Tract 92.51; Franklin County; Ohio,609,27,0,69,0,67,11,35,18,31,139,142,42,24,4,0,0,39,049,009251
256,Census Tract 92.52; Franklin County; Ohio,1889,192,104,56,72,145,51,338,14,51,152,285,282,23,36,68,20,39,049,009252
257,Census Tract 93.11; Franklin County; Ohio,1284,89,22,73,12,127,137,114,50,65,146,105,236,69,29,10,0,39,049,009311
258,Census Tract 93.12; Franklin County; Ohio,1392,119,87,77,76,70,155,165,25,70,147,68,165,66,21,81,0,39,049,009312
259,Census Tract 93.21; Franklin County; Ohio,928,34,5,28,72,27,112,115,11,21,116,103,102,63,50,39,30,39,049,009321
260,Census Tract 93.22; Franklin County; Ohio,1466,125,18,46,9,91,90,74,113,69,236,226,197,109,19,29,15,39,049,009322
261,Census Tract 93.23; Franklin County; Ohio,1623,153,165,79,77,124,75,125,164,140,69,177,133,55,48,13,26,39,049,009323
262,Census Tract 93.25; Franklin County; Ohio,2056,242,488,293,121,213,52,22,100,100,46,18,114,61,178,0,8,39,049,009325
263,Census Tract 93.26; Franklin County; Ohio,1061,117,58,33,60,100,64,60,72,65,171,110,63,15,11,0,62,39,049,009326
264,Census Tract 93.32; Franklin County; Ohio,1636,11,181,0,30,32,67,40,136,20,184,210,318,122,112,140,33,39,049,009332
265,Census Tract 93.34; Franklin County; Ohio,1213,132,44,103,71,89,59,174,57,72,101,80,75,57,29,14,56,39,049,009334
266,Census Tract 93.36; Franklin County; Ohio,1243,56,47,72,10,31,7,7,95,30,87,236,170,235,121,22,17,39,049,009336
267,Census Tract 93.37; Franklin County; Ohio,1761,77,85,123,231,96,139,54,74,143,128,208,207,107,39,42,8,39,049,009337
268,Census Tract 93.40; Franklin County; Ohio,1409,179,118,65,88,93,242,28,63,106,113,134,91,47,0,32,10,39,049,009340
269,Census Tract 93.50; Franklin County; Ohio,1428,42,26,72,70,70,135,26,51,122,132,167,127,94,35,72,187,39,049,009350
270,Census Tract 93.61; Franklin County; Ohio,2884,200,44,173,130,58,125,177,104,77,365,168,266,265,69,240,423,39,049,009361
271,Census Tract 93.72; Franklin County; Ohio,1767,90,18,34,24,129,54,259,73,82,118,275,287,148,40,56,80,39,049,009372
272,Census Tract 93.73; Franklin County; Ohio,2175,12,75,25,69,73,25,19,227,132,323,311,370,259,141,47,67,39,049,009373
273,Census Tract 93.81; Franklin County; Ohio,2527,35,130,228,82,74,272,185,113,48,231,237,378,116,258,140,0,39,049,009381
274,Census Tract 93.82; Franklin County; Ohio,1601,241,31,72,59,79,39,58,95,130,116,161,248,122,47,70,33,39,049,009382
275,Census Tract 93.83; Franklin County; Ohio,1229,11,40,2,0,149,82,56,48,168,16,102,206,173,59,49,68,39,049,009383
276,Census Tract 93.84; Franklin County; Ohio,1151,0,15,47,38,25,66,131,61,31,142,255,132,85,29,91,3,39,049,009384
277,Census Tract 93.85; Franklin County; Ohio,1669,69,37,47,80,45,51,40,71,102,122,142,211,174,166,218,94,39,049,009385
278,Census Tract 93.86; Franklin County; Ohio,1211,61,103,23,79,114,66,119,118,51,35,106,254,26,0,41,15,39,049,009386
279,Census Tract 93.90; Franklin County; Ohio,2661,88,0,161,77,40,65,40,109,112,57,499,352,326,176,341,218,39,049,009390
280,Census Tract 93.91; Franklin County; Ohio,2082,58,214,0,77,89,70,91,212,74,144,248,336,238,107,118,6,39,049,009391
281,Census Tract 93.92; Franklin County; Ohio,1463,61,71,10,94,14,148,140,51,38,154,123,317,164,43,35,0,39,049,009392
282,Census Tract 93.93; Franklin County; Ohio,1681,296,201,70,71,68,89,72,150,43,137,71,188,141,36,36,12,39,049,009393
283,Census Tract 93.94; Franklin County; Ohio,888,11,5,19,0,42,65,57,67,37,109,123,244,22,11,42,34,39,049,009394
284,Census Tract 93.95; Franklin County; Ohio,2193,31,31,37,49,0,70,0,88,141,259,207,617,243,190,184,46,39,049,009395
285,Census Tract 93.96; Franklin County; Ohio,1452,67,84,99,56,178,124,105,148,65,112,92,188,92,0,26,16,39,049,009396
286,Census Tract 93.97; Franklin County; Ohio,1311,91,97,0,62,56,0,87,107,200,116,72,110,95,187,31,0,39,049,009397
287,Census Tract 94.01; Franklin County; Ohio,1915,0,8,113,0,17,74,7,83,81,233,234,364,417,158,69,57,39,049,009401
288,Census Tract 94.03; Franklin County; Ohio,943,24,32,47,41,58,90,0,59,80,29,70,121,30,134,47,81,39,049,009403
289,Census Tract 94.04; Franklin County; Ohio,1295,19,146,30,0,67,33,25,4,36,58,123,71,127,285,105,166,39,049,009404
290,Census Tract 94.05; Franklin County; Ohio,1474,15,34,21,89,0,16,19,27,25,46,98,159,161,139,397,228,39,049,009405
291,Census Tract 94.10; Franklin County; Ohio,1146,38,15,27,76,35,60,35,145,34,108,53,299,79,58,50,34,39,049,009410
292,Census Tract 94.20; Franklin County; Ohio,2214,136,94,54,86,97,88,0,197,90,211,121,404,372,100,68,96,39,049,009420
293,Census Tract 94.40; Franklin County; Ohio,1774,12,46,20,47,34,2,42,58,19,152,156,389,322,270,164,41,39,049,009440
294,Census Tract 94.95; Franklin County; Ohio,1901,30,49,9,64,43,75,42,79,127,198,337,367,176,114,118,73,39,049,009495
295,Census Tract 94.97; Franklin County; Ohio,760,12,17,16,21,29,27,31,12,19,55,100,90,65,93,84,89,39,049,009497
296,Census Tract 94.98; Franklin County; Ohio,1656,135,82,99,82,8,48,95,85,113,52,189,184,306,76,18,84,39,049,009498
297,Census Tract 95.20; Franklin County; Ohio,1812,142,52,16,27,91,55,79,47,17,204,157,449,220,95,142,19,39,049,009520
298,Census Tract 95.90; Franklin County; Ohio,2098,124,53,25,74,69,72,136,82,66,190,329,361,259,110,50,98,39,049,009590
299,Census Tract 96; Franklin County; Ohio,1986,116,156,30,77,54,221,126,63,66,203,339,207,141,72,57,58,39,049,009600
300,Census Tract 97.11; Franklin County; Ohio,1870,112,37,81,46,139,65,42,68,87,138,375,269,206,136,39,30,39,049,009711
301,Census Tract 97.12; Franklin County; Ohio,1245,46,115,40,8,66,12,20,8,25,214,127,274,111,53,86,40,39,049,009712
302,Census Tract 97.51; Franklin County; Ohio,2555,17,17,0,73,72,9,61,26,76,177,160,254,372,331,590,320,39,049,009751
303,Census Tract 97.52; Franklin County; Ohio,2710,0,0,14,22,38,96,195,21,57,218,247,456,534,197,368,247,39,049,009752
304,Census Tract 97.53; Franklin County; Ohio,2508,0,0,0,0,0,0,211,208,48,46,397,285,120,259,519,415,39,049,009753
305,Census Tract 97.54; Franklin County; Ohio,1062,0,32,0,0,0,0,15,0,0,104,85,76,164,163,243,180,39,049,009754
306,Census Tract 97.55; Franklin County; Ohio,2969,43,66,39,32,0,40,55,14,208,228,228,282,371,498,565,300,39,049,009755
307,Census Tract 97.56; Franklin County; Ohio,1185,30,33,16,87,14,70,43,124,20,130,261,169,49,42,66,31,39,049,009756
308,Census Tract 97.57; Franklin County; Ohio,1966,76,19,0,113,58,158,78,92,0,101,187,313,232,195,194,150,39,049,009757
309,Census Tract 98.01; Franklin County; Ohio,1210,36,0,9,44,0,106,41,14,69,96,62,99,122,127,115,270,39,049,009801
310,Census Tract 98.02; Franklin County; Ohio,1396,23,18,23,102,48,69,53,85,89,100,150,213,185,137,71,30,39,049,009802
311,Census Tract 99; Franklin County; Ohio,979,34,32,147,50,49,116,36,66,32,106,112,98,44,24,7,26,39,049,009900
312,Census Tract 100; Franklin County; Ohio,2674,137,5,31,53,142,82,105,89,191,282,262,505,177,141,272,200,39,049,010000
313,Census Tract 101; Franklin County; Ohio,730,0,18,6,44,4,0,31,35,29,71,78,151,84,46,99,34,39,049,010100
314,Census Tract 102.01; Franklin County; Ohio,2012,0,0,355,125,0,31,0,22,302,358,180,287,256,83,13,0,39,049,010201
315,Census Tract 102.02; Franklin County; Ohio,1961,15,0,0,173,64,79,111,89,50,416,0,472,25,196,271,0,39,049,010202
316,Census Tract 102.03; Franklin County; Ohio,2048,128,18,28,12,0,172,0,293,64,378,511,149,96,9,125,65,39,049,010203
317,Census Tract 102.04; Franklin County; Ohio,3019,157,0,39,63,219,83,145,215,434,41,742,240,221,331,85,4,39,049,010204
318,Census Tract 103; Franklin County; Ohio,861,7,15,45,29,42,19,41,126,31,159,107,118,68,9,45,0,39,049,010300
319,Census Tract 104.01; Franklin County; Ohio,751,10,14,0,0,0,18,0,5,11,10,0,75,43,30,165,370,39,049,010401
320,Census Tract 104.02; Franklin County; Ohio,1888,29,0,51,24,0,13,9,18,34,24,121,205,243,111,362,644,39,049,010402
321,Census Tract 105.01; Franklin County; Ohio,1930,19,0,84,0,0,28,8,11,0,99,92,123,313,296,382,475,39,049,010501
322,Census Tract 105.02; Franklin County; Ohio,1452,0,0,26,86,0,16,16,18,42,226,23,137,134,136,88,504,39,049,010502
323,Census Tract 106.01; Franklin County; Ohio,2002,0,0,0,10,7,36,24,0,69,52,156,219,282,279,359,509,39,049,010601
324,Census Tract 106.02; Franklin County; Ohio,2308,13,50,74,81,111,122,54,76,52,87,99,165,164,270,363,527,39,049,010602
325,Census Tract 107; Franklin County; Ohio,727,25,46,7,20,30,91,20,36,45,83,103,90,28,41,50,12,39,049,010700
326,Census Tract 109; Franklin County; Ohio,2249,15,54,51,0,64,126,99,15,217,208,292,328,256,262,151,111,39,049,010900
327,Census Tract 9800; Franklin County; Ohio,0,0,0,0,0,0,0,0,0,0,0,0,0,0,0,0,0,39,049,980000
